"",GraphDist,Graph2Vec,GL2Vec,WaveletCh,GL2Vec128
GraphDist,1.000000,0.229021,0.746957,0.865844,0.648935
Graph2Vec,0.229021,1.000000,0.288876,0.326248,0.329287
GL2Vec,0.746957,0.288876,1.000000,0.440028,0.973288
WaveletCh,0.865844,0.326248,0.440028,1.000000,0.323163
GL2Vec128,0.648935,0.329287,0.973288,0.323163,1.000000
